{
  "version": 1,
  "author": "M Dimas",
  "editor": "wokwi",
  "parts": [
    { "type": "wokwi-arduino-uno", "id": "uno", "top": -153, "left": -163.8, "attrs": {} },
    {
      "type": "wokwi-led",
      "id": "led1",
      "top": -493.2,
      "left": -140.2,
      "attrs": { "color": "red" }
    },
    {
      "type": "wokwi-led",
      "id": "led2",
      "top": -493.2,
      "left": -111.4,
      "attrs": { "color": "yellow" }
    },
    {
      "type": "wokwi-led",
      "id": "led3",
      "top": -493.2,
      "left": -82.6,
      "attrs": { "color": "limegreen" }
    },
    {
      "type": "wokwi-led",
      "id": "led4",
      "top": -397.2,
      "left": -140.2,
      "attrs": { "color": "red" }
    },
    {
      "type": "wokwi-led",
      "id": "led5",
      "top": -397.2,
      "left": -111.4,
      "attrs": { "color": "yellow" }
    },
    {
      "type": "wokwi-led",
      "id": "led6",
      "top": -397.2,
      "left": -82.6,
      "attrs": { "color": "limegreen" }
    },
    {
      "type": "wokwi-led",
      "id": "led7",
      "top": -291.6,
      "left": -140.2,
      "attrs": { "color": "red" }
    },
    {
      "type": "wokwi-led",
      "id": "led8",
      "top": -291.6,
      "left": -111.4,
      "attrs": { "color": "yellow" }
    },
    {
      "type": "wokwi-led",
      "id": "led9",
      "top": -291.6,
      "left": -82.6,
      "attrs": { "color": "limegreen" }
    }
  ],
  "connections": [
    [ "led9:A", "uno:2", "green", [ "v0", "h124.8" ] ],
    [ "led8:A", "uno:3", "green", [ "v9.6", "h144" ] ],
    [ "led7:A", "uno:4", "green", [ "v19.2", "h163.2" ] ],
    [ "led6:A", "uno:5", "yellow", [ "v19.2", "h96" ] ],
    [ "led5:A", "uno:6", "yellow", [ "v28.8", "h115.2" ] ],
    [ "led4:A", "uno:7", "yellow", [ "v38.4", "h144" ] ],
    [ "led3:A", "uno:8", "cyan", [ "v0", "h57.6" ] ],
    [ "led2:A", "uno:9", "cyan", [ "v9.6", "h86.4" ] ],
    [ "led1:A", "uno:10", "cyan", [ "v19.2", "h105.6" ] ],
    [ "led7:C", "uno:GND.1", "blue", [ "v19.2", "h-9.2", "v67.2", "h86.4" ] ],
    [ "led8:C", "uno:GND.1", "blue", [ "v28.8", "h-28.4", "v48", "h67.2" ] ],
    [ "led9:C", "uno:GND.1", "blue", [ "v38.4", "h-47.6", "v28.8", "h67.2" ] ],
    [ "led4:C", "uno:GND.1", "red", [ "v0", "h-9.2", "v192", "h86.4" ] ],
    [ "led5:C", "uno:GND.1", "red", [ "v9.6", "h-38", "v182.4", "h86.4" ] ],
    [ "led6:C", "uno:GND.1", "red", [ "v19.2", "h-66.8", "v172.8", "h86.4" ] ],
    [ "led1:C", "uno:GND.1", "black", [ "v0", "h-18.8", "v288", "h96" ] ],
    [ "led2:C", "uno:GND.1", "black", [ "v9.6", "h-57.2", "v278.4", "h105.6" ] ],
    [ "led3:C", "uno:GND.1", "black", [ "v19.2", "h-95.6", "v268.8", "h115.2" ] ]
  ],
  "dependencies": {}
}