{
  "version": 1,
  "author": "M Dimas",
  "editor": "wokwi",
  "parts": [
    { "type": "wokwi-arduino-uno", "id": "uno", "top": -124.2, "left": -48.6, "attrs": {} },
    {
      "type": "wokwi-led",
      "id": "led1",
      "top": -358.8,
      "left": 243.8,
      "attrs": { "color": "red" }
    },
    {
      "type": "wokwi-led",
      "id": "led2",
      "top": -339.6,
      "left": 205.4,
      "attrs": { "color": "red" }
    },
    {
      "type": "wokwi-resistor",
      "id": "r1",
      "top": -244.8,
      "left": 249.05,
      "rotate": 90,
      "attrs": { "value": "1000" }
    },
    {
      "type": "wokwi-resistor",
      "id": "r2",
      "top": -244.8,
      "left": 220.25,
      "rotate": 90,
      "attrs": { "value": "1000" }
    },
    {
      "type": "wokwi-resistor",
      "id": "r3",
      "top": -244.8,
      "left": 191.45,
      "rotate": 90,
      "attrs": { "value": "1000" }
    },
    {
      "type": "wokwi-pushbutton-6mm",
      "id": "btn1",
      "top": -223,
      "left": 38.4,
      "attrs": { "color": "green" }
    },
    { "type": "wokwi-led", "id": "led3", "top": -320.4, "left": 167, "attrs": { "color": "red" } },
    {
      "type": "wokwi-pushbutton-6mm",
      "id": "btn2",
      "top": -271,
      "left": 38.4,
      "attrs": { "color": "green" }
    }
  ],
  "connections": [
    [ "led2:A", "r2:1", "green", [ "v0" ] ],
    [ "led1:A", "r1:1", "green", [ "v0" ] ],
    [ "uno:2", "r1:2", "green", [ "v-28.8", "h90.5" ] ],
    [ "r2:2", "uno:3", "green", [ "h0", "v56.4", "h-76.8" ] ],
    [ "r3:2", "uno:4", "green", [ "h0", "v46.8", "h-48" ] ],
    [ "btn1:1.r", "uno:5V", "red", [ "v-9.6", "h-56.8", "v9.6", "h-86.4", "v268.8", "h182.4" ] ],
    [ "led3:A", "r3:1", "green", [ "v0" ] ],
    [ "led1:C", "uno:GND.1", "black", [ "v38.4", "h-47.6", "v105.6", "h-105.6", "v19.2" ] ],
    [ "led2:C", "uno:GND.1", "black", [ "v9.6", "h-18.8", "v105.6", "h-105.6", "v19.2" ] ],
    [ "led3:C", "uno:GND.1", "black", [ "v86.4", "h-66.8", "v57.6" ] ],
    [ "btn1:2.r", "uno:11", "red", [ "h0" ] ],
    [ "btn2:2.r", "uno:12", "green", [ "h0" ] ],
    [ "btn2:1.r", "uno:5V", "red", [ "v-9.6", "h-85.6", "v355.2", "h-28.8" ] ]
  ],
  "dependencies": {}
}